RE,ID,Site,Packaging,Variant
Aat II,E287,GACGT↑C / C↓TGCAG,250 е.а. 2500 е.а. 500 е.а.,mini Regular
Abs I,E535_,CC↑TCGAGG / GGAGCT↓CC,1000 е.а. 200 е.а.,Regular
Acc16 I,E001,TGC↑GCA / ACG↓CGT,1000 е.а. 200 е.а.,Regular
Acc36 I,E289,ACCTGC(N)4↑ / TGGACG(N)8↓,100 е.а. 500 е.а.,Regular
Acc65 I,E003,G↑GTACC / CCATG↓G,1000 е.а. 500 е.а. 5000 е.а.,mini Regular Turbo
AccB1 I,E163,G↑GYRCC / CCRYG↓G,2500 е.а. 500 е.а.,Regular
AccB7 I,E179,CCANNNN↑NTGG / GGTN↓NNNNACC,1000 е.а. 200 е.а.,Regular
AccBS I,E007,GAG↑CGG / CTC↓GCC,1000 е.а. 250 е.а. 5000 е.а.,mini Regular
Acl I,E011,AA↑CGTT / TTGC↓AA,1000 е.а. 200 е.а.,Regular
AclW I,E211,GGATC(N)4↑ / CCTAG(N)5↓,100 е.а. 500 е.а.,Regular
Aco I,E499,Y↑GGCCR / RCCGG↓Y,100 е.а. 500 е.а.,Regular
Acs I,E013,R↑AATTY / YTTAA↓R,2500 е.а. 500 е.а.,Regular
Acu I,E451,CTGAAG(N)16↑ / GACTTC(N)14↓,250 е.а. 50 е.а.,Regular
Afe I,E213,AGC↑GCT / TCG↓CGA,100 е.а. 1000 е.а. 200 е.а.,Concentrated mini Regular
Ags I,E573,TTS↑AA / AA↓STT,1000 е.а. 200 е.а.,Regular
Ahl I,E173,A↑CTAGT / TGATC↓A,1000 е.а. 250 е.а. 5000 е.а.,mini Regular Turbo
Ajn I,E473,↑CCWGG / GGWCC↓,1000 е.а. 200 е.а.,Regular
Ale I,E567_,CACNN↓NNGTG / GTGNN↓NNCAC,250 е.а. 50 е.а.,Regular
Alu I,E015,AG↑CT / TC↓GA,1000 е.а. 200 е.а.,Regular Turbo
AluB I,E549,AG↑CT / TC↓GA,1000 е.а. 200 е.а.,Regular
Ama87 I,E017,C↑YCGRG / GRGCY↓C,1000 е.а. 5000 е.а.,Regular
Apa I,E019,GGGCC↑C / C↓CCGGG,25000 е.а. 500 е.а. 5000 е.а.,mini Regular Turbo
Ars I,E575,↑(N)8GACNNNNNNTTYG(N)11↑ / ↓(N)13CTGNNNNNNAARC(N)6↓,250 е.а. 50 е.а.,Regular
AsiG I,E235,A↑CCGGT / TGGCC↓A,100 е.а. 500 е.а.,Regular Turbo
AsiS I,E159,GCGAT↑CGC / CGC↓TAGCG,1000 е.а. 200 е.а.,Regular
AspA2 I,E245,C↑CTAGG / GGATC↓C,2500 е.а. 500 е.а.,Regular
AspLE I,E221,GCG↑C / C↓GCG,2500 е.а. 500 е.а.,Regular
AspS9 I,E117,G↑GNCC / CCNG↓G,1000 е.а. 5000 е.а.,Regular
AsuC2 I,E257,CC↑SGG / GGS↓CC,10000 е.а. 2000 е.а.,Regular
AsuHP I,E231,GGTGA(N)8↑ / CCACT(N)7↓,1000 е.а. 200 е.а.,Regular
AsuNH I,E063,G↑CTAGC / CGATC↓G,1000 е.а. 5000 е.а.,Regular
BamH I,E021,G↑GATCC / CCTAG↓G,20000 е.а. 4000 е.а. 500 е.а.,Concentrated mini Regular Turbo
Bar I,E547,↑(N)7GAAGNNNNNNTAC(N)12↑ / ↓(N)12CTTCNNNNNNATG(N)7↓,100 е.а. 500 е.а.,Regular
Bbv12 I,E023,GWGCW↑C / C↓WCGWG,1000 е.а. 200 е.а.,Regular
Bgl I,E025,GCCNNNN↑NGGC / CGGN↓NNNNCCG,2500 е.а. 500 е.а.,Regular
Bgl II,E027,A↑GATCT / TCTAG↓A,1000 е.а. 500 е.а. 5000 е.а.,mini Regular Turbo
Bme18 I,E029,G↑GWCC / CCWG↓G,1000 е.а. 500 е.а. 5000 е.а.,mini Regular
Bmt I,E457,GCTAG↑C / C↓GATCG,1000 е.а. 5000 е.а.,Regular
Bmu I,E487,ACTGGG(N)5↑ / TGACCC4)N(↓,250 е.а. 50 е.а.,Regular
Bpm I,E467,CTGGAG(N)16↑ / GACCTC(N)14↓,250 е.а. 50 е.а.,Regular
Bpu10 I,E149,CC↑TNAGC / GGANT↓CG,1000 е.а. 200 е.а.,Regular
Bpu14 I,E033,TT↑CGAA / AAGC↓TT,1000 е.а. 5000 е.а.,Regular
Bsa29 I,E205,AT↑CGAT / TAGC↓TA,1000 е.а. 5000 е.а.,Regular Turbo
Bsc4 I,E219,CCNNNNN↑NNGG / GGNN↓NNNNNCC,2500 е.а. 500 е.а.,Regular
Bse1 I,E035,ACTGGN↑ / TGAC↓CN,1000 е.а. 5000 е.а.,Regular
Bse118 I,E039,R↑CCGGY / YGGCC↓R,1000 е.а. 200 е.а.,Regular
Bse21 I,E037,CC↑TNAGG / GGANT↓CC,2500 е.а. 500 е.а.,Regular
Bse3D I,E253,GCAATGNN↑ / CGTTAC↓NN,1000 е.а. 200 е.а.,Regular
Bse8 I,E147,GATNN↑NNATC / CTANN↓NNTAG,1000 е.а. 5000 е.а.,Regular
BseP I,E181,G↑CGCGC / CGCGC↓G,1000 е.а. 200 е.а.,Regular
BseX3 I,E263,C↑GGCCG / GCCGG↓C,1000 е.а. 200 е.а.,Regular
BslF I,E479,GGGAC(N)10↑ / CCCTG(N)14↓,100 е.а. 500 е.а.,Regular
Bso31 I,E285,GGTCTCN↑ / CCAGAG(N)5↓,1000 е.а. 200 е.а.,Regular
Bsp13 I,E183,T↑CCGGA / AGGCC↓T,1000 е.а. 5000 е.а.,Regular
Bsp1720 I,E185,GC↑TNAGC / CGANT↓CG,2500 е.а. 500 е.а.,Regular
Bsp19 I,E047,C↑CATGG / GGTAC↓C,1000 е.а. 5000 е.а.,Regular Turbo
BspAC I,E501,C↑CGC / GGC↓G,1000 е.а. 200 е.а.,Regular
BspFN I,E557,CG↑CG / GC↓GC,2500 е.а. 500 е.а.,Regular
BssEC I,E273,C↑CNNGG / GGNNC↓C,1000 е.а. 200 е.а.,Regular
BssNA I,E261,GTA↑TAC / CAT↓ATG,1000 е.а. 5000 е.а.,Regular
BssT1 I,E207,C↑CWWGG / GGWWC↓C,1000 е.а. 5000 е.а.,Regular
Bst2B I,E043,C↑TCGTG / GAGCA↓C,1000 е.а. 200 е.а.,Regular
Bst2U I,E051,CC↑WGG / GGW↓CC,1000 е.а. 5000 е.а.,Regular
Bst4C I,E265,ACN↑GT / TG↓NCA,2500 е.а. 500 е.а.,Regular
Bst6 I,E239,CTCTTCN↑ / GAGAAG(N)4↓,1000 е.а. 200 е.а.,Regular
BstAC I,E093,GR↑CGYC / CYGC↓RG,2500 е.а. 500 е.а.,Regular
BstAF I,E135,C↑TTAAG / GAATT↓C,1000 е.а. 5000 е.а.,Regular
BstAP I,E259,GCANNNN↑NTGC / CGTN↓NNNNACG,1000 е.а. 200 е.а.,Regular
BstAU I,E267,T↑GTACA / ACATG↓T,1000 е.а. 5000 е.а.,Regular
BstBA I,E237,YAC↑GTR / RTG↓CAY,2500 е.а. 500 е.а.,Regular
BstC8 I,E305,GCN↑NGC / CGN↓NCG,2500 е.а. 500 е.а.,Regular
BstDE I,E227,C↑TNAG / GANT↓C,1000 е.а. 500 е.а. 5000 е.а.,mini Regular
BstDS I,E083,C↑CRYGG / GGYRC↓C,1000 е.а. 5000 е.а.,Regular
BstEN I,E103,CCTNN↑NNNAGG / GGANNN↓NNTCC,1000 е.а. 200 е.а.,Regular
BstF5 I,E031,GGATGNN↑ / CCTAC↓NN,2500 е.а. 500 е.а.,Regular
BstFN I,E283,CG↑CG / GC↓GC,1500 е.а. 300 е.а.,Regular
BstH2 I,E171,RGCGC↑Y / Y↓CGCGR,2500 е.а. 500 е.а.,Regular
BstHH I,E143,GCG↑C / C↓GCG,10000 е.а. 2000 е.а.,Regular
BstKT I,E151,GAT↑C / C↓TAG,1000 е.а. 200 е.а.,Regular
BstMA I,E291,GTCTCN↑ / CAGAG(N)5↓,10000 е.а. 2000 е.а.,Regular
BstMB I,E119,↑GATC / CTAG↓,2500 е.а. 500 е.а.,Regular
BstMC I,E071,CGRY↑CG / GC↓YRGC,2500 е.а. 500 е.а.,Regular
BstMW I,E459,GCNNNNN↑NNGC / CGNN↓NNNNNCG,2500 е.а. 500 е.а.,Regular
BstNS I,E251,RCATG↑Y / Y↓GTACR,1000 е.а. 200 е.а.,Regular
BstPA I,E299,GACNN↑NNGTC / CTGNN↓NNCAG,1000 е.а. 5000 е.а.,Regular
BstSC I,E307,↑CCNGG / GGNCC↓,100 е.а. 500 е.а.,Regular
BstSF I,E197,C↑TRYAG / GAYRT↓C,1000 е.а. 200 е.а.,Regular
BstSL I,E561,GKGCM↑C / C↓MCGKG,2500 е.а. 500 е.а.,Regular
BstSN I,E065,TAC↑GTA / ATG↓CAT,1000 е.а. 200 е.а.,Regular
BstV1 I,E303,GCAGC(N)8↑ / CGTCG(N)12↓,100 е.а. 500 е.а.,Regular
BstV2 I,E297,GAAGAC(N)2↑ / CTTCTG(N)6↓,1000 е.а. 200 е.а.,Regular
BstX I,E465,CCANNNNN↑NTGG / GGTN↓NNNNNACC,1000 е.а. 200 е.а.,Regular
BstX2 I,E229,R↑GATCY / YCTAG↓R,2500 е.а. 500 е.а.,Regular
Bsu I,E581,GTATCC(N)6↑ / CATAGG(N)5↓,1000 е.а. 200 е.а.,Regular
BsuR I,E053,GG↑CC / CC↓GG,1000 е.а. 5000 е.а.,Regular
Btr I,E277,CAC↑GTC / GTG↓CAG,100 е.а. 500 е.а.,Regular
Cci I,E565,T↑CATGA / AGTAC↓T,1000 е.а. 5000 е.а.,Regular
CciN I,E203_,GC↑GGCCGC / CGCCGG↓CG,2500 е.а. 500 е.а.,Regular Turbo
Dra I,E055,TTT↑AAA / AAA↓TTT,1000 е.а. 5000 е.а.,Regular
Dra III,E309,CACNNN↑GTG / GTG↓NNNCAC,2500 е.а. 500 е.а.,Regular
Dri I,E193,GACNNN↑NNGTC / CTGNN↓NNNCAG,2500 е.а. 500 е.а.,Regular
DseD I,E241,GACNNNN↑NNGTC / CTGNN↓NNNNCAG,2500 е.а. 500 е.а.,Regular
EcoICR I,E469,GAG↑CTC / CTC↓GAG,1000 е.а. 200 е.а.,Regular
EcoR I,E057,G↑AATTC / CTTAA↓G,25000 е.а. 500 е.а. 5000 е.а.,Concentrated mini Regular Turbo
EcoR V,E059,GAT↑ATC / CTA↓TAG,10000 е.а. 2000 е.а. 500 е.а.,mini Regular Turbo
Ege I,E243,GGC↑GCC / CCG↓CGG,1000 е.а. 200 е.а.,Regular
Erh I,E061,C↑CWWGG / GGWWC↓C,1000 е.а. 5000 е.а.,Regular
Fae I,E495,CATG↑ / ↓GTAC,250 е.а. 50 е.а.,Regular
Fai I,E551,YA↑TR / RT↓AY,100 е.а. 500 е.а.,Regular
Fal I,E153,↑(N)8AAGNNNNNCTT(N)13↑ / ↓(N)13TTCNNNNNGAA(N)8↓,100 е.а. 500 е.а.,Regular
Fat I,E155,↑CATG / GTAC↓,100 е.а. 50 е.а. 500 е.а.,mini Regular
Fau I,E209,CCCGC(N)4↑ / GGGCG(N)6↓,100 е.а. 500 е.а.,Regular
FauND I,E009,CA↑TATG / GTAT↓AC,1000 е.а. 500 е.а. 5000 е.а.,mini Regular Turbo
Fbl I,E271,GT↑MKAC / CAKM↓TG,100 е.а. 500 е.а.,Regular
Fok I,E247,GGATG(N)9↑ / CCTAC(N)13↓,100 е.а. 500 е.а.,Regular
FriO I,E157,GRGCY↑C / C↓YCGRG,1000 е.а. 5000 е.а.,Regular
Fsp4H I,E095,GC↑NGC / CGN↓CG,1000 е.а. 200 е.а.,Regular
Gsa I,E563,CCCAG↑C / G↓GGTCG,1000 е.а. 5000 е.а.,Regular
Hae III,E067,GG↑CC / CC↓GG,10000 е.а. 2000 е.а. 500 е.а.,Concentrated mini Regular
Hga I,E461,GACGC(N)5↑ / CTGCG(N)10↓,250 е.а. 50 е.а.,Regular
Hind II,E201,GTY↑RAC / CAR↓YTG,1000 е.а. 250 е.а. 5000 е.а.,mini Regular
Hind III,E073,A↑AGCTT / TTCGA↓A,25000 е.а. 500 е.а. 5000 е.а.,Concentrated mini Regular Turbo
Hinf I,E075,G↑ANTC / CTNA↓G,10000 е.а. 2000 е.а. 500 е.а.,Concentrated mini Regular Turbo
Hpa I,E077,GTT↑AAC / CAA↓TTG,250 е.а. 2500 е.а. 500 е.а.,mini Regular Turbo
Hpa II,E161,C↑CGG / GGC↓C,250 е.а. 2500 е.а. 500 е.а.,mini Regular
HpySE526 I,E583,A↑CGT / TGC↓A,1000 е.а. 200 е.а.,Regular
HspA I,E069,G↑CGC / CGC↓G,1000 е.а. 5000 е.а.,Regular
Kpn I,E079,GGTAC↑C / C↓CATGG,10000 е.а. 2000 е.а.,Concentrated Regular
KroN I,E287-1,GCC↑GGC / CGG↓CCG,100 е.а. 500 е.а.,Regular
Ksp22 I,E081,T↑GATCA / ACTAG↓T,1000 е.а. 5000 е.а.,Regular
Kzo9 I,E187,↑GATC / CTAG↓,1000 е.а. 200 е.а.,Regular
Lmn I,E593,GCTCCN↑ / CGAG↓GN,250 е.а. 50 е.а.,Regular
Mab I,E121,A↑CCWGGT / TGGWCC↓A,1000 е.а. 200 е.а.,Regular
Mbo II,E471,GAAGA(N)8↑ / CTTCT(N)7↓,1000 е.а. 200 е.а.,Regular
Mfe I,E295,C↑AATTG / GTTAA↓C,1000 е.а. 500 е.а. 5000 е.а.,mini Regular
Mhl I,E049,GDGCH↑C / C↓HCGDG,2500 е.а. 500 е.а.,Regular
Mlu I,E085,A↑CGCGT / TGCGC↓A,1000 е.а. 5000 е.а.,Regular Turbo
Mly113 I,E189,GG↑CGCC / CCGC↓GG,1000 е.а. 200 е.а.,Regular
Mnl I,E481,CCTC(N)7↑ / GGAG(N)6↓,2500 е.а. 500 е.а.,Regular
Mox20 I,E301,TGG↑CCA / ACC↓GGT,1000 е.а. 5000 е.а.,Regular
MroN I,E087,G↑CCGGC / CGGCC↓G,2500 е.а. 500 е.а.,Regular
MroX I,E249,GAANN↑NNTTC / CTTNN↓NNAAG,1000 е.а. 200 е.а.,Regular
Msp I,E091,C↑CGG / GGC↓C,1000 е.а. 5000 е.а.,Regular
MspA1 I,E191,CMG↑CKG / GKC↓GMC,2500 е.а. 500 е.а.,Regular
MspR9 I,E175,CC↑NGG / GGN↓CC,1000 е.а. 5000 е.а.,Regular
Nru I,E099,TCG↑CGA / AGC↓GCT,2500 е.а. 500 е.а.,Regular
PalA I,E483,GG↑CGCGCC / CCGCGC↓GG,1000 е.а. 200 е.а.,Regular
Pce I,E105,AGG↑CCT / TCC↓GGA,1000 е.а. 5000 е.а.,Regular Turbo
Pci I,E275,A↑CATGT / TGTAC↓A,150 е.а. 1500 е.а. 300 е.а.,mini Regular
PciS I,E497,GCTCTTCN↑ / CGAGAAG(N)4↓,250 е.а. 50 е.а.,Regular
Pct I,E045,GAATGCN↑ / CTTAC↓GN,1000 е.а. 5000 е.а.,Regular
Ple19 I,E195,CGAT↑CG / GC↓TAGC,100 е.а. 500 е.а.,Regular
Pps I,E269,GAGTC(N)4↑ / CTCAG(N)5↓,125 е.а. 25 е.а.,Regular
Psi I,E279,TTA↑TAA / AAT↓ATT,100 е.а. 1000 е.а. 200 е.а.,mini Regular
Psp124B I,E107,GAGCT↑C / C↓TCGAG,1000 е.а. 500 е.а. 5000 е.а.,mini Regular Turbo
Psp6 I,E453,↑CCWGG / GGWCC↓,100 е.а. 500 е.а.,Regular
PspC I,E475,CAC↑GTG / GTG↓CAC,10000 е.а. 2000 е.а.,Regular
PspE I,E169,G↑GTNACC / CCANTG↓G,10000 е.а. 2000 е.а.,Regular
PspL I,E223,C↑GTACG / GCATG↓C,1000 е.а. 200 е.а.,Regular
PspN4 I,E089,GGN↑NCC / CCN↓NGG,1000 е.а. 5000 е.а.,Regular
PspOM I,E215,G↑GGCCC / CCCGG↓G,1500 е.а. 7500 е.а.,Regular
PspPP I,E255,RG↑GWCCY / YCCWG↓GR,100 е.а. 500 е.а.,Regular
PspX I,E477,VC↑TCGAGB / BGAGCT↓CV,1000 е.а. 200 е.а.,Concentrated Regular
Psr I,E131,↑(N)7GAACNNNNNNTAC(N)12↑ / ↓21(N)CTTGNNNNNNATG7(N)↓,100 е.а. 500 е.а.,Regular
Pst I,E109,CTGCA↑G / G↓ACGTC,20000 е.а. 4000 е.а. 500 е.а.,Concentrated mini Regular Turbo
PstN I,E571,CAGNNN↑CTG / GTC↓NNNGAC,2500 е.а. 500 е.а.,Regular
Pvu II,E111,CAG↑CTG / GTC↓GAC,10000 е.а. 2000 е.а.,Regular
Rga I,E491,GCGAT↑CGC / CGC↓TAGCG,1000 е.а. 200 е.а.,Regular
Rig I,E529,GGCCGG↑CC / CC↓GGCCGG,100 е.а. 500 е.а.,Regular
Rsa I,E113m,GT↑AC / CA↓TG,1000 е.а. 5000 е.а.,Regular
RsaN I,E555,G↑TAC / CAT↓G,1000 е.а. 200 е.а.,Regular
Rsr2 I,E281,CG↑GWCCG / GCCWG↓GC,1000 е.а. 5000 е.а.,Regular
Sal I,E115,G↑TCGAC / CAGCT↓G,10000 е.а. 2000 е.а.,Regular Turbo
Sbf I,E101,CCTGCA↑GG / GG↓ACGTCC,1000 е.а. 200 е.а.,Regular
Set I,E537,ASST↑ / ↓TSSA,1000 е.а. 200 е.а.,Concentrated Regular
SfaN I,E165,GCATC(N)5↑ / CGTAG(N)9↓,2500 е.а. 500 е.а.,Regular
Sfi I,E123,GGCCNNNN↑NGGCC / CCGGN↓NNNNCCGG,1000 е.а. 5000 е.а.,Concentrated Regular
Sfr274 I,E125,C↑TCGAG / GAGCT↓C,10000 е.а. 2000 е.а. 500 е.а.,mini Regular Turbo
Sfr303 I,E127,CCGC↑GG / GG↓CGCC,1000 е.а. 250 е.а. 5000 е.а.,mini Regular
Sma I,E177,CCC↑GGG / GGG↓CCC,10000 е.а. 2000 е.а. 500 е.а.,mini Regular Turbo
Smi I,E225,ATTT↑AAAT / TAAA↓TTTA,1000 е.а. 5000 е.а.,Regular
SmiM I,E293,CAYNN↑NNRTG / GTRNN↓NNYAC,2500 е.а. 500 е.а.,Regular
Sph I,E129,GCATG↑C / C↓GTACG,2500 е.а. 500 е.а.,Regular Turbo
Sse9 I,E217,↑AATT / TTAA↓,2500 е.а. 500 е.а.,Regular
Ssp I,E041,AAT↑ATT / TTA↓TAA,2500 е.а. 500 е.а.,Regular
Taq I,E133,T↑CGA / AGC↓T,10000 е.а. 2000 е.а.,Regular
Tru9 I,E199,T↑TAA / AAT↓T,250 е.а. 2500 е.а. 500 е.а.,mini Regular
TseF I,E589,↑GTSAC / CASTG↓,1000 е.а. 200 е.а.,Regular
Tth111 I,E097,GACN↑NNGTC / CTGNN↓NCAG,2000 е.а. 400 е.а.,Regular
Vne I,E137,G↑TGCAC / CACGT↓G,1000 е.а. 5000 е.а.,Regular
Vsp I,E139,AT↑TAAT / TAAT↓TA,1000 е.а. 500 е.а. 5000 е.а.,mini Regular
Xba I,E141,T↑CTAGA / AGATC↓T,10000 е.а. 2000 е.а. 500 е.а.,Concentrated mini Regular Turbo
Xma I,E233,C↑CCGGG / GGGCC↓C,1500 е.а. 300 е.а.,Regular
Zra I,E463,GAC↑GTC / CTG↓CAG,1000 е.а. 200 е.а.,Regular
Zrm I,E005,AGT↑ACT / TCA↓TGA,1000 е.а. 5000 е.а.,Regular
Zsp2 I,E145,ATGCA↑T / T↓ACGTA,1000 е.а. 5000 е.а.,Regular
